deposit_id,user_id,ts,amount_usd,method,status
1,1,2025-04-06T19:00:00,9.94,card,completed
2,1,2025-03-12T02:00:00,24.08,crypto,chargeback
3,1,2025-03-11T06:00:00,96.54,crypto,failed
4,2,2025-03-16T15:00:00,529.78,wallet,completed
5,2,2025-02-15T15:00:00,472.7,crypto,completed
6,2,2025-02-11T15:00:00,484.32,crypto,completed
7,2,2025-02-15T22:00:00,92.01,card,completed
8,2,2025-02-08T23:00:00,492.07,wallet,completed
9,2,2025-03-09T23:00:00,104.73,wallet,completed
10,3,2025-03-06T06:00:00,102.46,wallet,completed
11,3,2025-04-16T13:00:00,50.26,wallet,completed
12,5,2025-02-23T10:00:00,10.73,wallet,completed
13,5,2025-01-22T14:00:00,546.09,crypto,completed
14,5,2025-01-24T10:00:00,456.22,crypto,chargeback
15,5,2025-02-16T14:00:00,9.64,crypto,completed
16,5,2025-02-24T19:00:00,501.84,crypto,completed
17,5,2025-01-20T00:00:00,23.55,crypto,completed
18,7,2025-03-12T15:00:00,49.17,crypto,failed
19,7,2025-03-15T10:00:00,200.8,card,completed
20,7,2025-02-09T05:00:00,100.61,crypto,completed
21,7,2025-02-25T05:00:00,510.02,card,chargeback
22,8,2025-03-20T02:00:00,10.96,wallet,completed
23,8,2025-02-12T12:00:00,25.06,card,chargeback
24,8,2025-02-21T10:00:00,45.56,card,completed
25,8,2025-02-10T05:00:00,10.65,wallet,completed
26,9,2025-02-25T09:00:00,9.01,wallet,completed
27,9,2025-03-09T20:00:00,47.53,card,completed
28,9,2025-03-01T03:00:00,105.89,wallet,completed
29,10,2025-02-26T15:00:00,45.08,wallet,failed
30,11,2025-02-01T09:00:00,50.11,wallet,completed
31,11,2025-02-19T19:00:00,26.49,card,completed
32,11,2025-03-08T22:00:00,545.4,card,completed
33,11,2025-02-28T02:00:00,195.97,card,completed
34,12,2025-02-25T22:00:00,537.91,crypto,completed
35,12,2025-03-09T10:00:00,101.87,card,completed
36,12,2025-02-24T09:00:00,219.95,wallet,completed
37,12,2025-02-28T08:00:00,49.35,card,completed
38,13,2025-01-13T03:00:00,22.77,crypto,failed
39,14,2025-01-06T15:00:00,24.13,card,completed
40,14,2025-02-08T17:00:00,98.99,crypto,completed
41,14,2025-01-10T13:00:00,181.85,crypto,completed
42,14,2025-01-12T19:00:00,25.34,crypto,failed
43,15,2025-03-25T02:00:00,23.49,card,completed
44,15,2025-03-20T09:00:00,481.92,card,completed
45,16,2025-02-07T23:00:00,192.76,wallet,completed
46,17,2025-01-15T04:00:00,101.66,card,completed
47,17,2025-02-20T12:00:00,10.43,crypto,completed
48,17,2025-02-23T04:00:00,527.08,crypto,chargeback
49,18,2025-03-24T05:00:00,9.18,card,completed
50,18,2025-03-12T09:00:00,514.18,crypto,completed
51,18,2025-02-27T14:00:00,10.08,card,completed
52,18,2025-03-12T07:00:00,184.39,card,failed
53,18,2025-04-05T07:00:00,197.22,crypto,completed
54,19,2025-01-20T07:00:00,195.66,card,completed
55,19,2025-02-23T01:00:00,534.49,card,completed
56,19,2025-02-14T11:00:00,94.93,wallet,completed
57,19,2025-02-13T21:00:00,9.7,crypto,completed
58,20,2025-01-31T22:00:00,102.56,card,completed
59,20,2025-02-08T07:00:00,470.81,card,completed
60,20,2025-03-07T22:00:00,10.03,crypto,completed
61,21,2025-02-02T05:00:00,47.54,crypto,completed
62,21,2025-01-16T08:00:00,529.24,crypto,completed
63,22,2025-02-03T09:00:00,10.25,card,completed
64,22,2025-02-23T20:00:00,450.14,crypto,completed
65,23,2025-03-31T06:00:00,24.66,wallet,completed
66,23,2025-03-09T18:00:00,49.85,wallet,completed
67,23,2025-04-07T07:00:00,103.84,crypto,completed
68,24,2025-02-10T11:00:00,100.89,card,completed
69,25,2025-03-15T18:00:00,95.39,crypto,completed
70,25,2025-03-11T16:00:00,50.09,crypto,completed
71,25,2025-02-24T10:00:00,213.63,crypto,completed
72,25,2025-01-31T12:00:00,25.15,crypto,completed
73,26,2025-01-28T21:00:00,477.24,card,completed
74,26,2025-01-25T02:00:00,10.0,wallet,failed
75,26,2025-01-15T04:00:00,105.28,card,completed
76,26,2025-02-04T09:00:00,22.93,wallet,completed
77,26,2025-02-20T06:00:00,53.16,card,completed
78,26,2025-02-05T22:00:00,24.24,wallet,completed
79,27,2025-03-16T17:00:00,182.24,card,chargeback
80,27,2025-02-24T13:00:00,10.91,card,completed
81,27,2025-02-26T05:00:00,23.26,crypto,completed
82,29,2025-03-03T18:00:00,9.67,wallet,completed
83,29,2025-03-28T17:00:00,46.54,crypto,completed
84,29,2025-03-05T22:00:00,9.09,wallet,completed
85,30,2025-03-04T03:00:00,91.91,crypto,completed
86,30,2025-03-12T14:00:00,106.46,card,completed
87,30,2025-03-13T08:00:00,49.97,crypto,completed
88,30,2025-01-24T10:00:00,104.15,crypto,completed
89,30,2025-01-25T08:00:00,50.21,crypto,completed
90,31,2025-03-19T03:00:00,543.11,wallet,completed
91,31,2025-04-04T16:00:00,180.66,crypto,completed
92,31,2025-03-15T03:00:00,108.87,card,completed
93,31,2025-03-12T15:00:00,496.24,card,completed
94,31,2025-03-12T21:00:00,93.43,crypto,completed
95,31,2025-03-23T01:00:00,180.48,crypto,completed
96,33,2025-02-27T18:00:00,53.98,card,completed
97,33,2025-04-07T22:00:00,523.5,crypto,completed
98,33,2025-03-16T14:00:00,92.95,crypto,completed
99,33,2025-03-15T03:00:00,450.57,crypto,failed
100,34,2025-01-31T03:00:00,101.45,card,completed
101,34,2025-02-21T04:00:00,202.15,wallet,completed
102,34,2025-01-17T03:00:00,26.8,crypto,completed
103,34,2025-01-20T07:00:00,180.91,crypto,completed
104,34,2025-01-18T22:00:00,98.1,wallet,completed
105,35,2025-02-12T11:00:00,184.77,wallet,completed
106,35,2025-02-27T17:00:00,101.17,wallet,failed
107,35,2025-01-24T12:00:00,190.18,crypto,completed
108,35,2025-01-28T05:00:00,52.93,wallet,completed
109,35,2025-02-07T02:00:00,203.33,crypto,completed
110,37,2025-02-24T20:00:00,22.97,crypto,completed
111,38,2025-03-13T19:00:00,94.54,card,completed
112,38,2025-03-24T07:00:00,9.83,wallet,completed
113,38,2025-02-22T21:00:00,185.93,wallet,failed
114,38,2025-02-23T02:00:00,514.54,crypto,completed
115,38,2025-03-14T04:00:00,515.97,wallet,completed
116,39,2025-02-10T01:00:00,9.11,card,completed
117,40,2025-02-22T12:00:00,93.02,card,completed
118,40,2025-01-12T10:00:00,103.71,card,completed
119,40,2025-02-09T22:00:00,26.37,crypto,completed
120,41,2025-03-22T04:00:00,10.87,crypto,completed
121,41,2025-02-23T00:00:00,212.32,crypto,completed
122,41,2025-03-17T18:00:00,482.66,card,completed
123,41,2025-02-19T13:00:00,544.64,card,failed
124,42,2025-02-25T07:00:00,105.08,card,completed
125,42,2025-02-19T21:00:00,91.92,crypto,chargeback
126,42,2025-02-04T21:00:00,48.74,crypto,completed
127,42,2025-03-08T12:00:00,9.67,wallet,completed
128,42,2025-02-28T19:00:00,54.21,crypto,completed
129,42,2025-02-10T11:00:00,52.04,crypto,completed
130,44,2025-02-25T15:00:00,214.38,wallet,completed
131,44,2025-02-26T02:00:00,24.63,card,completed
132,45,2025-03-23T15:00:00,10.26,card,failed
133,45,2025-03-12T10:00:00,9.67,wallet,completed
134,46,2025-03-14T13:00:00,26.72,card,failed
135,46,2025-02-17T13:00:00,488.61,card,completed
136,48,2025-01-13T01:00:00,214.36,crypto,completed
137,49,2025-02-10T11:00:00,212.34,card,completed
138,49,2025-01-15T04:00:00,48.86,wallet,failed
139,49,2025-02-14T23:00:00,213.3,wallet,completed
140,49,2025-02-09T16:00:00,218.5,wallet,completed
141,49,2025-01-23T22:00:00,9.68,card,completed
142,50,2025-02-22T00:00:00,217.68,card,completed
143,50,2025-03-24T21:00:00,100.07,wallet,completed
144,50,2025-03-19T09:00:00,216.68,wallet,completed
145,51,2025-03-28T14:00:00,46.35,crypto,completed
146,51,2025-02-21T11:00:00,25.63,crypto,completed
147,51,2025-03-30T14:00:00,9.06,crypto,completed
148,52,2025-03-22T02:00:00,26.41,wallet,completed
149,52,2025-03-11T19:00:00,218.36,wallet,completed
150,52,2025-02-05T06:00:00,23.98,wallet,completed
151,52,2025-02-17T22:00:00,10.96,card,completed
152,52,2025-02-28T04:00:00,10.71,crypto,completed
153,52,2025-03-14T15:00:00,10.56,card,completed
154,53,2025-02-07T03:00:00,103.67,wallet,completed
155,53,2025-02-24T16:00:00,477.58,crypto,completed
156,53,2025-02-03T18:00:00,51.19,crypto,completed
157,53,2025-02-11T05:00:00,214.34,card,completed
158,53,2025-01-31T03:00:00,206.88,crypto,completed
159,53,2025-02-27T03:00:00,24.23,crypto,completed
160,54,2025-03-05T23:00:00,23.68,crypto,completed
161,55,2025-03-26T03:00:00,216.66,card,completed
162,55,2025-04-08T21:00:00,107.1,wallet,completed
163,55,2025-03-06T00:00:00,24.0,crypto,completed
164,55,2025-04-08T06:00:00,10.33,card,completed
165,55,2025-02-26T20:00:00,496.02,wallet,completed
166,56,2025-03-05T15:00:00,101.69,wallet,completed
167,56,2025-02-17T08:00:00,9.3,card,completed
168,57,2025-04-05T12:00:00,45.82,card,completed
169,57,2025-02-19T05:00:00,9.53,wallet,completed
170,58,2025-01-25T23:00:00,100.19,crypto,completed
171,58,2025-02-23T02:00:00,489.0,wallet,chargeback
172,58,2025-01-25T12:00:00,213.04,crypto,completed
173,58,2025-03-08T11:00:00,48.89,card,completed
174,58,2025-02-08T17:00:00,10.74,crypto,completed
175,59,2025-03-18T09:00:00,10.35,crypto,completed
176,59,2025-03-19T17:00:00,9.47,wallet,chargeback
177,59,2025-02-23T14:00:00,186.03,wallet,failed
178,59,2025-02-19T23:00:00,45.9,wallet,completed
179,60,2025-01-15T06:00:00,9.54,crypto,completed
180,60,2025-02-17T10:00:00,211.12,crypto,completed
181,60,2025-01-12T12:00:00,9.51,card,completed
182,61,2025-02-12T08:00:00,454.97,wallet,completed
183,61,2025-02-11T23:00:00,202.46,card,completed
184,63,2025-02-13T01:00:00,465.76,wallet,completed
185,63,2025-02-26T09:00:00,97.98,wallet,chargeback
186,64,2025-04-06T08:00:00,27.06,crypto,completed
187,65,2025-02-20T01:00:00,99.2,card,completed
188,65,2025-03-03T10:00:00,106.92,wallet,failed
189,67,2025-02-08T07:00:00,53.49,crypto,completed
190,67,2025-02-04T07:00:00,181.07,crypto,completed
191,68,2025-03-18T13:00:00,10.82,wallet,completed
192,68,2025-02-28T06:00:00,454.15,card,completed
193,68,2025-02-13T18:00:00,52.24,crypto,completed
194,68,2025-02-14T00:00:00,500.27,wallet,completed
195,68,2025-02-15T23:00:00,27.48,card,completed
196,69,2025-01-17T12:00:00,9.65,crypto,completed
197,69,2025-01-16T19:00:00,450.57,wallet,completed
198,69,2025-01-15T21:00:00,9.37,card,completed
199,69,2025-01-28T13:00:00,212.58,wallet,completed
200,70,2025-03-29T06:00:00,457.54,card,completed
201,70,2025-02-13T04:00:00,9.3,card,completed
202,70,2025-02-16T02:00:00,9.42,crypto,completed
203,70,2025-03-03T22:00:00,186.37,wallet,completed
204,70,2025-03-19T23:00:00,53.07,wallet,completed
205,70,2025-03-28T16:00:00,23.55,card,failed
206,71,2025-01-10T05:00:00,451.18,wallet,completed
207,71,2025-02-11T08:00:00,26.58,crypto,completed
208,71,2025-01-22T19:00:00,182.72,card,completed
209,71,2025-01-07T02:00:00,193.63,card,completed
210,71,2025-01-14T03:00:00,106.84,wallet,completed
211,72,2025-02-20T03:00:00,193.57,crypto,completed
212,72,2025-02-17T17:00:00,92.65,wallet,completed
213,72,2025-01-24T16:00:00,98.27,wallet,completed
214,73,2025-04-12T16:00:00,47.52,crypto,completed
215,73,2025-04-13T07:00:00,219.83,wallet,completed
216,73,2025-03-17T14:00:00,104.48,wallet,completed
217,73,2025-03-26T15:00:00,466.68,crypto,failed
218,74,2025-02-05T01:00:00,104.84,card,completed
219,74,2025-02-22T00:00:00,100.83,wallet,completed
220,74,2025-01-29T10:00:00,478.04,crypto,completed
221,74,2025-02-24T07:00:00,10.68,crypto,chargeback
222,74,2025-01-13T03:00:00,97.01,wallet,completed
223,74,2025-01-22T16:00:00,214.86,card,completed
224,75,2025-03-01T13:00:00,46.56,card,completed
225,75,2025-02-23T16:00:00,215.78,crypto,completed
226,75,2025-03-27T01:00:00,47.73,crypto,completed
227,77,2025-03-22T07:00:00,9.04,crypto,completed
228,77,2025-03-10T01:00:00,109.54,card,completed
229,78,2025-02-04T04:00:00,462.18,wallet,completed
230,78,2025-02-05T09:00:00,93.0,card,completed
231,78,2025-02-19T10:00:00,45.15,wallet,completed
232,78,2025-01-29T16:00:00,51.42,crypto,completed
233,79,2025-02-07T04:00:00,46.56,wallet,completed
234,79,2025-01-28T16:00:00,103.3,card,completed
235,79,2025-01-22T16:00:00,51.13,card,completed
236,80,2025-03-11T20:00:00,24.06,card,completed
237,81,2025-02-13T01:00:00,510.98,card,completed
238,81,2025-02-20T15:00:00,218.17,wallet,completed
239,81,2025-02-25T15:00:00,45.88,crypto,completed
240,81,2025-02-19T23:00:00,9.63,wallet,completed
241,82,2025-02-01T01:00:00,490.82,wallet,completed
242,82,2025-02-18T20:00:00,23.99,crypto,failed
243,83,2025-01-16T17:00:00,216.83,card,completed
244,83,2025-01-18T00:00:00,537.74,wallet,completed
245,83,2025-02-01T14:00:00,22.97,card,completed
246,83,2025-02-22T11:00:00,9.07,wallet,completed
247,84,2025-04-04T16:00:00,25.64,wallet,completed
248,84,2025-04-04T21:00:00,25.11,wallet,completed
249,84,2025-04-11T06:00:00,53.52,card,completed
250,84,2025-04-10T04:00:00,9.34,card,failed
251,85,2025-02-11T05:00:00,49.98,crypto,completed
252,86,2025-03-13T09:00:00,10.66,card,completed
253,86,2025-03-09T12:00:00,186.53,crypto,completed
254,86,2025-04-01T19:00:00,480.23,card,completed
255,87,2025-01-15T02:00:00,52.25,wallet,completed
256,87,2025-01-08T00:00:00,10.48,card,completed
257,87,2025-02-22T16:00:00,187.92,card,chargeback
258,88,2025-03-12T02:00:00,475.42,wallet,completed
259,88,2025-01-25T21:00:00,188.27,wallet,completed
260,90,2025-01-29T08:00:00,48.35,card,completed
261,90,2025-02-18T12:00:00,189.49,crypto,completed
262,90,2025-02-15T10:00:00,27.07,crypto,completed
263,90,2025-01-22T08:00:00,104.48,crypto,completed
264,90,2025-02-12T18:00:00,9.09,wallet,completed
265,90,2025-01-26T18:00:00,26.53,crypto,completed
266,91,2025-02-20T16:00:00,53.84,crypto,completed
267,91,2025-02-27T03:00:00,544.42,wallet,completed
268,93,2025-01-30T07:00:00,25.89,wallet,completed
269,93,2025-01-21T23:00:00,47.02,card,completed
270,93,2025-02-17T02:00:00,186.42,crypto,completed
271,93,2025-01-10T11:00:00,46.83,wallet,completed
272,93,2025-02-19T22:00:00,26.99,card,failed
273,93,2025-01-21T21:00:00,513.81,wallet,completed
274,94,2025-02-17T14:00:00,24.31,crypto,completed
275,94,2025-02-15T04:00:00,46.89,crypto,completed
276,95,2025-04-19T19:00:00,53.83,card,completed
277,95,2025-03-09T07:00:00,460.24,card,completed
278,95,2025-03-20T01:00:00,184.04,wallet,completed
279,95,2025-03-20T23:00:00,49.22,card,chargeback
280,97,2025-02-21T15:00:00,92.61,wallet,failed
281,97,2025-01-14T00:00:00,9.63,card,completed
282,97,2025-02-03T22:00:00,463.08,crypto,chargeback
283,97,2025-01-20T06:00:00,97.78,wallet,completed
284,98,2025-02-18T01:00:00,24.68,crypto,completed
285,98,2025-01-06T20:00:00,107.44,crypto,completed
286,98,2025-02-04T04:00:00,9.79,card,completed
287,99,2025-03-08T16:00:00,53.62,crypto,failed
288,99,2025-02-15T04:00:00,26.65,card,completed
289,99,2025-02-26T18:00:00,26.45,crypto,completed
290,99,2025-03-08T02:00:00,497.06,wallet,completed
291,99,2025-02-19T15:00:00,104.4,wallet,completed
292,100,2025-03-02T01:00:00,26.65,crypto,completed
293,100,2025-03-26T01:00:00,483.27,card,completed
294,100,2025-03-30T19:00:00,54.47,wallet,completed
295,100,2025-03-19T10:00:00,10.02,wallet,completed
296,100,2025-03-25T01:00:00,45.41,crypto,chargeback
297,100,2025-03-01T14:00:00,10.65,crypto,completed
298,101,2025-02-12T03:00:00,10.73,card,completed
299,101,2025-02-17T06:00:00,24.35,crypto,completed
300,101,2025-01-23T08:00:00,52.06,wallet,completed
301,101,2025-02-10T03:00:00,498.36,card,completed
302,101,2025-02-10T07:00:00,9.45,card,failed
303,101,2025-03-12T20:00:00,10.64,wallet,completed
304,102,2025-04-03T19:00:00,48.01,crypto,completed
305,102,2025-03-26T12:00:00,102.32,card,completed
306,102,2025-03-26T11:00:00,10.19,wallet,completed
307,102,2025-04-07T12:00:00,481.81,crypto,completed
308,103,2025-02-23T07:00:00,22.66,wallet,failed
309,104,2025-02-28T23:00:00,53.34,crypto,completed
310,104,2025-02-20T20:00:00,9.94,crypto,failed
311,104,2025-02-14T02:00:00,9.16,crypto,completed
312,104,2025-02-20T19:00:00,100.52,crypto,completed
313,104,2025-03-11T18:00:00,201.22,crypto,completed
314,105,2025-01-05T12:00:00,10.93,wallet,completed
315,105,2025-01-17T18:00:00,218.08,card,completed
316,105,2025-01-19T10:00:00,106.62,wallet,completed
317,105,2025-01-16T01:00:00,9.94,card,completed
318,105,2025-01-27T11:00:00,47.03,card,completed
319,106,2025-02-04T05:00:00,204.69,crypto,completed
320,106,2025-02-01T20:00:00,45.71,crypto,completed
321,106,2025-02-17T19:00:00,105.44,crypto,completed
322,106,2025-02-11T15:00:00,100.42,wallet,completed
323,107,2025-02-19T10:00:00,108.87,wallet,completed
324,107,2025-02-26T14:00:00,106.48,crypto,completed
325,107,2025-03-23T21:00:00,481.52,card,completed
326,108,2025-03-31T15:00:00,9.8,crypto,completed
327,108,2025-03-29T13:00:00,50.64,wallet,completed
328,109,2025-02-15T02:00:00,217.75,wallet,completed
329,109,2025-02-07T10:00:00,213.28,wallet,completed
330,109,2025-02-06T00:00:00,9.75,card,completed
331,109,2025-01-14T19:00:00,9.1,crypto,completed
332,110,2025-03-04T17:00:00,27.18,crypto,completed
333,110,2025-01-20T17:00:00,508.3,card,completed
334,112,2025-02-12T20:00:00,53.54,crypto,completed
335,112,2025-01-10T16:00:00,48.52,crypto,completed
336,112,2025-01-05T07:00:00,54.29,card,failed
337,114,2025-01-31T10:00:00,54.04,card,chargeback
338,114,2025-02-10T17:00:00,10.74,card,completed
339,114,2025-02-12T11:00:00,9.43,wallet,failed
340,114,2025-01-19T06:00:00,10.09,crypto,completed
341,114,2025-01-05T06:00:00,52.54,wallet,completed
342,115,2025-01-05T14:00:00,10.21,wallet,failed
343,115,2025-01-26T20:00:00,10.38,wallet,completed
344,115,2025-01-16T06:00:00,187.95,wallet,completed
345,116,2025-02-19T15:00:00,94.37,crypto,completed
346,116,2025-03-03T06:00:00,531.63,crypto,completed
347,116,2025-04-03T14:00:00,503.4,crypto,completed
348,116,2025-03-26T23:00:00,459.73,card,completed
349,116,2025-02-23T14:00:00,24.71,crypto,completed
350,116,2025-02-26T09:00:00,26.75,card,completed
351,117,2025-02-10T14:00:00,532.85,wallet,completed
352,117,2025-02-26T22:00:00,190.88,card,completed
353,117,2025-02-21T11:00:00,23.28,crypto,failed
354,117,2025-02-10T15:00:00,9.09,crypto,completed
355,117,2025-02-15T00:00:00,477.13,card,completed
356,117,2025-02-04T14:00:00,27.09,crypto,completed
357,118,2025-02-14T07:00:00,50.05,wallet,completed
358,118,2025-03-03T01:00:00,528.41,card,completed
359,118,2025-03-22T17:00:00,9.74,card,completed
360,118,2025-03-26T07:00:00,52.18,wallet,completed
361,118,2025-03-05T13:00:00,48.0,crypto,completed
362,121,2025-01-30T20:00:00,184.04,card,completed
363,121,2025-01-15T09:00:00,479.49,card,completed
364,121,2025-02-01T06:00:00,54.73,wallet,completed
365,122,2025-02-21T19:00:00,10.67,wallet,completed
366,122,2025-04-04T10:00:00,211.53,crypto,completed
367,122,2025-02-21T21:00:00,49.13,card,failed
368,122,2025-02-19T21:00:00,9.12,wallet,completed
369,123,2025-02-21T06:00:00,10.87,crypto,completed
370,123,2025-03-29T03:00:00,536.41,card,completed
371,123,2025-03-04T09:00:00,27.22,wallet,failed
372,125,2025-01-27T19:00:00,186.72,crypto,completed
373,125,2025-02-26T22:00:00,51.24,crypto,completed
374,125,2025-01-24T08:00:00,26.28,wallet,completed
375,126,2025-04-03T16:00:00,9.76,wallet,completed
376,126,2025-04-11T17:00:00,10.33,card,completed
377,126,2025-02-24T07:00:00,9.24,wallet,completed
378,126,2025-03-21T20:00:00,99.22,wallet,completed
379,127,2025-03-17T13:00:00,9.74,wallet,failed
380,127,2025-03-24T22:00:00,487.23,crypto,completed
381,127,2025-02-16T08:00:00,9.27,crypto,completed
382,127,2025-03-04T12:00:00,9.26,card,completed
383,128,2025-02-15T23:00:00,53.97,wallet,completed
384,128,2025-02-15T01:00:00,450.54,card,completed
385,129,2025-01-09T06:00:00,180.41,card,completed
386,130,2025-03-16T07:00:00,23.84,card,failed
387,130,2025-03-31T00:00:00,99.03,wallet,completed
388,130,2025-04-09T22:00:00,49.96,wallet,completed
389,130,2025-03-23T16:00:00,504.55,crypto,completed
390,130,2025-03-23T04:00:00,9.83,card,completed
391,131,2025-01-08T05:00:00,49.18,wallet,completed
392,131,2025-01-19T16:00:00,102.5,wallet,completed
393,131,2025-01-06T19:00:00,25.23,crypto,completed
394,131,2025-02-16T01:00:00,9.22,wallet,completed
395,131,2025-01-05T07:00:00,52.45,card,completed
396,132,2025-03-04T03:00:00,105.99,wallet,completed
397,133,2025-03-05T06:00:00,10.05,wallet,completed
398,133,2025-03-09T03:00:00,109.2,crypto,completed
399,133,2025-03-14T09:00:00,53.7,card,completed
400,134,2025-03-13T18:00:00,50.87,card,failed
401,134,2025-03-02T21:00:00,53.58,wallet,completed
402,135,2025-02-28T14:00:00,10.48,crypto,completed
403,135,2025-01-31T13:00:00,24.12,card,completed
404,135,2025-03-09T17:00:00,502.64,card,completed
405,135,2025-01-29T14:00:00,209.55,wallet,completed
406,135,2025-03-06T05:00:00,508.91,crypto,failed
407,136,2025-02-25T22:00:00,45.75,wallet,completed
408,137,2025-02-20T15:00:00,9.91,wallet,completed
409,137,2025-02-23T09:00:00,9.28,card,completed
410,138,2025-02-19T10:00:00,52.25,crypto,completed
411,138,2025-04-01T14:00:00,22.74,card,completed
412,138,2025-03-15T18:00:00,200.52,card,failed
413,139,2025-03-12T12:00:00,24.98,crypto,completed
414,139,2025-02-21T02:00:00,10.98,crypto,completed
415,139,2025-03-09T13:00:00,10.22,card,completed
416,139,2025-04-02T08:00:00,23.24,card,completed
417,139,2025-02-24T06:00:00,95.34,wallet,completed
418,140,2025-03-23T08:00:00,470.04,card,completed
419,140,2025-02-25T21:00:00,48.82,card,completed
420,140,2025-03-22T06:00:00,52.15,wallet,completed
421,140,2025-03-19T11:00:00,544.52,wallet,completed
422,140,2025-02-16T15:00:00,9.59,card,completed
423,141,2025-04-03T00:00:00,457.21,wallet,completed
424,141,2025-03-18T19:00:00,522.16,card,completed
425,141,2025-03-03T07:00:00,10.43,wallet,completed
426,141,2025-03-13T21:00:00,187.48,wallet,completed
427,141,2025-03-18T06:00:00,199.89,wallet,completed
428,142,2025-01-27T09:00:00,188.46,card,completed
429,142,2025-02-07T11:00:00,23.38,card,completed
430,142,2025-02-15T14:00:00,95.63,crypto,completed
431,145,2025-02-24T03:00:00,208.76,card,completed
432,145,2025-01-23T16:00:00,106.73,crypto,chargeback
433,145,2025-02-11T14:00:00,183.71,card,completed
434,145,2025-02-25T16:00:00,453.62,card,completed
435,146,2025-02-25T04:00:00,10.84,wallet,completed
436,146,2025-03-01T14:00:00,208.31,card,failed
437,146,2025-02-21T04:00:00,102.49,wallet,completed
438,146,2025-01-31T23:00:00,109.81,card,completed
439,146,2025-01-25T07:00:00,109.25,wallet,completed
440,146,2025-01-21T02:00:00,49.84,crypto,chargeback
441,148,2025-02-14T00:00:00,10.37,wallet,completed
442,148,2025-02-15T12:00:00,195.13,crypto,failed
443,148,2025-01-26T10:00:00,54.2,crypto,completed
444,148,2025-01-21T20:00:00,23.0,wallet,completed
445,149,2025-03-20T10:00:00,49.26,wallet,completed
446,149,2025-02-24T23:00:00,47.45,crypto,completed
447,149,2025-04-09T20:00:00,219.49,card,completed
448,149,2025-03-09T16:00:00,49.58,wallet,completed
449,150,2025-02-15T23:00:00,25.33,wallet,completed
450,150,2025-02-10T09:00:00,183.93,crypto,completed
451,150,2025-02-04T02:00:00,9.46,crypto,completed
452,150,2025-01-22T17:00:00,192.04,crypto,completed
453,150,2025-02-03T17:00:00,103.54,crypto,completed
454,150,2025-01-22T16:00:00,45.24,card,completed
455,151,2025-01-24T01:00:00,48.13,card,completed
456,151,2025-02-19T22:00:00,105.76,crypto,completed
457,151,2025-01-10T07:00:00,51.46,card,completed
458,151,2025-02-01T12:00:00,22.93,wallet,completed
459,151,2025-01-04T07:00:00,199.15,crypto,completed
460,152,2025-03-02T12:00:00,25.1,wallet,completed
461,152,2025-02-23T20:00:00,96.62,crypto,completed
462,152,2025-01-29T06:00:00,51.17,wallet,completed
463,152,2025-02-01T10:00:00,202.38,wallet,completed
464,152,2025-02-07T21:00:00,49.7,wallet,completed
465,152,2025-02-25T17:00:00,9.12,card,completed
466,153,2025-04-07T08:00:00,24.25,wallet,completed
467,153,2025-03-03T06:00:00,9.7,wallet,completed
468,153,2025-04-10T19:00:00,10.55,card,completed
469,153,2025-03-10T03:00:00,54.54,wallet,completed
470,153,2025-04-06T17:00:00,46.72,card,completed
471,154,2025-02-21T09:00:00,548.32,crypto,completed
472,154,2025-02-01T06:00:00,54.06,crypto,completed
473,154,2025-01-19T14:00:00,51.03,wallet,completed
474,154,2025-02-02T03:00:00,461.88,wallet,failed
475,155,2025-03-13T04:00:00,494.62,card,completed
476,156,2025-01-26T20:00:00,54.62,crypto,completed
477,157,2025-02-20T12:00:00,463.39,wallet,completed
478,158,2025-02-23T14:00:00,23.12,wallet,completed
479,158,2025-02-06T20:00:00,10.94,wallet,completed
480,159,2025-02-23T05:00:00,533.14,card,completed
481,159,2025-04-03T09:00:00,52.85,wallet,completed
482,159,2025-04-08T03:00:00,48.53,card,completed
483,159,2025-03-15T05:00:00,52.04,card,completed
484,160,2025-02-18T22:00:00,25.16,crypto,completed
485,160,2025-03-11T18:00:00,26.88,crypto,completed
486,161,2025-02-13T06:00:00,25.97,crypto,completed
487,161,2025-03-03T00:00:00,94.14,wallet,completed
488,161,2025-03-17T07:00:00,189.52,crypto,chargeback
489,161,2025-02-18T02:00:00,180.73,card,completed
490,161,2025-03-14T05:00:00,504.67,crypto,failed
491,161,2025-02-23T10:00:00,26.06,card,failed
492,162,2025-01-26T08:00:00,493.89,wallet,completed
493,162,2025-01-09T00:00:00,10.06,crypto,failed
494,162,2025-02-01T03:00:00,93.41,card,completed
495,162,2025-01-26T11:00:00,10.32,wallet,completed
496,162,2025-02-12T20:00:00,206.94,card,completed
497,162,2025-02-06T13:00:00,503.49,crypto,failed
498,163,2025-01-21T21:00:00,219.07,wallet,completed
499,163,2025-02-17T00:00:00,106.13,wallet,completed
500,164,2025-03-24T22:00:00,215.21,card,completed
501,165,2025-01-11T20:00:00,460.71,card,completed
502,165,2025-02-16T15:00:00,183.1,wallet,completed
503,166,2025-03-04T15:00:00,499.26,wallet,completed
504,166,2025-02-15T22:00:00,50.82,wallet,completed
505,166,2025-02-23T20:00:00,106.61,card,completed
506,166,2025-04-01T03:00:00,10.15,card,completed
507,166,2025-03-22T22:00:00,528.94,card,completed
508,166,2025-03-17T14:00:00,216.06,wallet,completed
509,167,2025-03-08T15:00:00,192.07,card,chargeback
510,168,2025-03-10T12:00:00,210.89,card,completed
511,168,2025-01-26T08:00:00,462.82,crypto,completed
512,168,2025-03-03T19:00:00,46.09,card,completed
513,168,2025-02-15T07:00:00,93.65,wallet,completed
514,169,2025-02-11T14:00:00,22.82,crypto,failed
515,169,2025-02-06T16:00:00,22.89,card,completed
516,169,2025-02-09T20:00:00,53.57,card,completed
517,169,2025-03-04T03:00:00,471.75,wallet,completed
518,169,2025-02-09T16:00:00,451.91,wallet,completed
519,169,2025-03-09T05:00:00,25.9,crypto,completed
520,170,2025-02-26T03:00:00,514.66,card,completed
521,170,2025-03-24T08:00:00,184.92,wallet,completed
522,170,2025-02-14T19:00:00,25.85,card,completed
523,171,2025-02-28T05:00:00,23.17,crypto,completed
524,172,2025-02-24T14:00:00,9.53,crypto,completed
525,172,2025-02-06T06:00:00,9.06,crypto,completed
526,173,2025-02-21T21:00:00,93.97,wallet,failed
527,173,2025-03-13T01:00:00,93.66,card,completed
528,173,2025-02-12T13:00:00,24.81,wallet,completed
529,174,2025-03-11T23:00:00,454.37,crypto,completed
530,174,2025-02-15T08:00:00,180.1,crypto,completed
531,175,2025-01-12T15:00:00,93.07,crypto,completed
532,175,2025-02-10T05:00:00,23.9,crypto,completed
533,175,2025-01-25T12:00:00,9.79,card,completed
534,175,2025-02-05T13:00:00,24.36,card,completed
535,176,2025-02-16T17:00:00,497.14,crypto,completed
536,176,2025-02-10T18:00:00,25.65,crypto,completed
537,177,2025-03-17T14:00:00,101.75,wallet,completed
538,178,2025-03-12T07:00:00,192.17,crypto,completed
539,178,2025-03-13T16:00:00,46.82,wallet,completed
540,178,2025-02-03T07:00:00,477.56,crypto,completed
541,178,2025-01-28T18:00:00,506.96,card,failed
542,178,2025-02-01T07:00:00,98.66,wallet,completed
543,178,2025-02-26T18:00:00,10.12,crypto,chargeback
544,179,2025-02-18T18:00:00,10.9,card,completed
545,179,2025-01-11T11:00:00,47.51,wallet,completed
546,180,2025-03-18T21:00:00,9.87,wallet,completed
547,180,2025-02-05T21:00:00,10.05,card,completed
548,180,2025-03-23T08:00:00,91.63,crypto,completed
549,180,2025-02-25T11:00:00,53.2,card,completed
550,180,2025-03-05T12:00:00,9.2,wallet,completed
551,180,2025-02-04T07:00:00,53.57,wallet,failed
552,181,2025-04-02T01:00:00,25.52,card,completed
553,181,2025-03-23T13:00:00,484.16,card,completed
554,181,2025-04-10T00:00:00,48.54,crypto,completed
555,181,2025-03-26T19:00:00,10.64,card,completed
556,181,2025-04-12T06:00:00,95.19,crypto,completed
557,181,2025-03-01T10:00:00,99.17,card,completed
558,182,2025-02-05T20:00:00,10.22,wallet,completed
559,182,2025-02-07T16:00:00,103.0,card,completed
560,183,2025-01-13T18:00:00,183.08,wallet,completed
561,183,2025-02-11T20:00:00,24.46,crypto,completed
562,183,2025-01-16T16:00:00,211.72,crypto,completed
563,184,2025-03-29T05:00:00,466.09,wallet,completed
564,184,2025-02-19T22:00:00,93.69,card,completed
565,185,2025-02-15T21:00:00,102.37,crypto,completed
566,185,2025-03-15T13:00:00,93.07,crypto,completed
567,185,2025-02-21T10:00:00,10.09,wallet,completed
568,185,2025-02-13T19:00:00,48.46,wallet,completed
569,185,2025-02-20T17:00:00,46.51,card,completed
570,186,2025-02-23T21:00:00,504.91,wallet,completed
571,186,2025-02-15T08:00:00,27.49,crypto,completed
572,187,2025-03-15T14:00:00,48.79,crypto,chargeback
573,187,2025-03-04T08:00:00,90.71,wallet,completed
574,188,2025-03-03T09:00:00,180.22,card,completed
575,188,2025-01-25T22:00:00,546.34,crypto,completed
576,188,2025-01-24T07:00:00,199.69,wallet,chargeback
577,188,2025-02-07T03:00:00,25.81,crypto,completed
578,188,2025-03-07T01:00:00,479.5,card,completed
579,188,2025-02-24T07:00:00,9.28,card,completed
580,190,2025-03-13T21:00:00,25.21,wallet,completed
581,191,2025-02-01T03:00:00,199.87,wallet,completed
582,191,2025-02-10T15:00:00,95.19,crypto,completed
583,192,2025-03-11T22:00:00,214.77,card,completed
584,192,2025-03-23T08:00:00,24.18,card,completed
585,193,2025-03-21T09:00:00,24.6,card,chargeback
586,193,2025-02-20T04:00:00,460.45,card,completed
587,194,2025-02-07T03:00:00,206.13,crypto,completed
588,194,2025-02-25T00:00:00,190.68,crypto,completed
589,194,2025-01-19T15:00:00,545.47,wallet,completed
590,195,2025-03-07T12:00:00,26.53,crypto,completed
591,195,2025-03-20T05:00:00,526.65,card,completed
592,195,2025-03-02T09:00:00,109.22,wallet,completed
593,195,2025-03-01T01:00:00,213.41,crypto,completed
594,195,2025-02-17T11:00:00,482.95,wallet,completed
595,195,2025-02-11T19:00:00,208.5,wallet,completed
596,196,2025-01-17T21:00:00,10.97,wallet,completed
597,196,2025-01-05T14:00:00,50.98,crypto,completed
598,196,2025-02-19T03:00:00,493.73,wallet,completed
599,196,2025-01-16T00:00:00,9.2,card,completed
600,197,2025-02-26T01:00:00,525.3,wallet,completed
601,197,2025-03-19T05:00:00,9.11,wallet,completed
602,197,2025-02-01T06:00:00,458.3,wallet,completed
603,197,2025-02-22T08:00:00,107.93,crypto,completed
604,197,2025-03-15T23:00:00,98.35,card,completed
605,198,2025-03-29T20:00:00,103.54,crypto,completed
606,198,2025-03-25T15:00:00,26.17,crypto,failed
607,198,2025-03-22T08:00:00,474.04,wallet,completed
608,198,2025-03-30T09:00:00,25.58,crypto,failed
609,198,2025-02-22T17:00:00,103.6,crypto,chargeback
610,198,2025-02-24T14:00:00,90.7,card,completed
611,199,2025-03-17T17:00:00,183.14,wallet,completed
612,199,2025-03-03T20:00:00,103.04,wallet,completed
613,200,2025-02-06T17:00:00,103.93,crypto,completed
614,200,2025-01-23T14:00:00,23.6,card,completed
615,200,2025-01-07T10:00:00,53.24,card,completed
616,200,2025-02-07T20:00:00,25.7,crypto,completed
617,200,2025-02-02T09:00:00,22.97,wallet,completed
618,200,2025-01-18T11:00:00,24.33,crypto,completed
619,201,2025-02-12T08:00:00,494.2,card,chargeback
620,201,2025-01-26T08:00:00,22.52,card,completed
621,201,2025-03-08T11:00:00,212.45,crypto,completed
622,201,2025-03-08T23:00:00,201.59,card,completed
623,201,2025-02-13T19:00:00,483.78,wallet,completed
624,201,2025-02-16T23:00:00,23.61,wallet,completed
625,202,2025-03-15T22:00:00,468.67,card,completed
626,202,2025-03-14T09:00:00,456.44,card,completed
627,202,2025-02-04T00:00:00,9.39,wallet,completed
628,202,2025-02-20T00:00:00,10.08,crypto,completed
629,202,2025-02-26T17:00:00,54.08,card,failed
630,202,2025-03-13T06:00:00,545.11,crypto,completed
631,203,2025-02-02T07:00:00,196.75,crypto,failed
632,204,2025-03-27T03:00:00,502.91,wallet,completed
633,204,2025-03-08T03:00:00,201.96,wallet,completed
634,204,2025-03-25T16:00:00,52.57,crypto,completed
635,204,2025-03-27T13:00:00,207.18,crypto,completed
636,204,2025-03-31T00:00:00,25.24,card,completed
637,204,2025-03-28T07:00:00,523.19,crypto,failed
638,205,2025-02-21T08:00:00,23.56,wallet,completed
639,205,2025-01-16T03:00:00,27.47,wallet,completed
640,205,2025-02-03T09:00:00,510.43,card,completed
641,205,2025-01-30T22:00:00,205.07,crypto,completed
642,206,2025-04-17T23:00:00,50.99,card,completed
643,206,2025-04-09T23:00:00,9.37,wallet,completed
644,206,2025-03-14T06:00:00,92.57,crypto,completed
645,206,2025-03-03T04:00:00,214.78,card,completed
646,206,2025-03-08T13:00:00,10.36,card,completed
647,208,2025-01-15T05:00:00,532.72,wallet,completed
648,209,2025-01-21T09:00:00,211.75,crypto,completed
649,209,2025-01-20T21:00:00,23.83,crypto,completed
650,209,2025-01-19T04:00:00,106.24,wallet,completed
651,209,2025-01-23T03:00:00,521.1,wallet,completed
652,210,2025-01-11T15:00:00,191.46,card,completed
653,210,2025-01-23T04:00:00,516.33,crypto,completed
654,210,2025-02-06T22:00:00,193.14,crypto,failed
655,210,2025-01-27T00:00:00,23.62,crypto,completed
656,210,2025-02-03T21:00:00,49.85,crypto,completed
657,210,2025-01-26T16:00:00,23.35,crypto,completed
658,211,2025-01-19T07:00:00,9.33,crypto,completed
659,211,2025-01-28T03:00:00,22.59,card,completed
660,211,2025-02-02T07:00:00,51.53,card,completed
661,211,2025-01-15T16:00:00,50.62,crypto,completed
662,211,2025-01-15T16:00:00,27.4,card,completed
663,212,2025-01-27T06:00:00,491.01,crypto,completed
664,212,2025-03-06T07:00:00,9.31,wallet,failed
665,214,2025-02-25T12:00:00,214.32,card,completed
666,214,2025-02-16T01:00:00,103.95,wallet,completed
667,214,2025-02-28T04:00:00,476.28,wallet,completed
668,214,2025-02-05T22:00:00,196.27,crypto,completed
669,214,2025-03-03T12:00:00,46.62,crypto,failed
670,215,2025-01-29T13:00:00,50.07,wallet,completed
671,216,2025-02-22T21:00:00,10.65,crypto,failed
672,216,2025-01-25T20:00:00,45.97,card,completed
673,216,2025-01-21T09:00:00,525.31,crypto,completed
674,217,2025-03-01T09:00:00,206.45,crypto,completed
675,217,2025-03-05T10:00:00,487.09,card,completed
676,219,2025-01-14T18:00:00,52.32,wallet,completed
677,219,2025-02-11T10:00:00,9.93,card,completed
678,219,2025-02-03T00:00:00,191.65,card,completed
679,220,2025-03-31T12:00:00,9.26,crypto,completed
680,222,2025-02-04T02:00:00,547.36,wallet,completed
681,222,2025-02-17T06:00:00,458.41,card,completed
682,222,2025-03-02T16:00:00,49.16,card,completed
683,222,2025-02-16T20:00:00,504.72,wallet,completed
684,222,2025-01-22T00:00:00,94.43,card,completed
685,223,2025-02-24T09:00:00,90.77,wallet,completed
686,223,2025-03-04T18:00:00,10.83,wallet,completed
687,223,2025-03-28T17:00:00,214.14,card,completed
688,223,2025-02-24T20:00:00,22.99,card,completed
689,223,2025-04-03T16:00:00,101.39,card,completed
690,223,2025-03-23T19:00:00,495.52,crypto,completed
691,224,2025-02-23T07:00:00,459.64,crypto,completed
692,224,2025-01-27T21:00:00,510.02,card,completed
693,224,2025-02-11T07:00:00,48.15,wallet,completed
694,224,2025-03-06T18:00:00,10.97,card,completed
695,224,2025-02-17T19:00:00,45.11,card,completed
696,224,2025-02-01T13:00:00,194.88,wallet,completed
697,225,2025-02-09T05:00:00,23.69,wallet,completed
698,225,2025-03-05T00:00:00,90.38,crypto,completed
699,225,2025-02-02T01:00:00,199.1,wallet,completed
700,225,2025-02-19T07:00:00,52.91,crypto,completed
701,226,2025-01-29T19:00:00,25.73,card,completed
702,226,2025-01-31T08:00:00,540.5,wallet,completed
703,227,2025-02-28T05:00:00,188.77,card,completed
704,227,2025-01-31T22:00:00,10.69,card,completed
705,227,2025-02-24T07:00:00,10.33,card,completed
706,229,2025-02-27T15:00:00,101.86,wallet,completed
707,229,2025-03-17T03:00:00,190.19,wallet,failed
708,229,2025-02-20T20:00:00,186.98,crypto,completed
709,229,2025-03-27T23:00:00,25.86,wallet,completed
710,231,2025-03-09T14:00:00,9.8,wallet,completed
711,231,2025-02-13T05:00:00,494.97,crypto,completed
712,231,2025-03-18T06:00:00,520.47,wallet,completed
713,231,2025-03-27T13:00:00,24.18,crypto,completed
714,231,2025-03-24T01:00:00,478.23,crypto,failed
715,232,2025-02-24T23:00:00,90.83,card,completed
716,232,2025-01-31T15:00:00,468.36,card,completed
717,232,2025-03-11T18:00:00,26.72,card,completed
718,232,2025-02-23T03:00:00,9.95,wallet,completed
719,232,2025-03-08T16:00:00,10.63,wallet,completed
720,233,2025-02-02T15:00:00,10.45,crypto,completed
721,233,2025-03-06T20:00:00,191.61,card,completed
722,234,2025-02-01T13:00:00,9.74,card,completed
723,235,2025-02-17T01:00:00,191.55,card,completed
724,235,2025-02-03T13:00:00,102.98,crypto,completed
725,235,2025-03-02T16:00:00,9.77,crypto,completed
726,235,2025-02-17T08:00:00,99.28,wallet,completed
727,236,2025-02-26T19:00:00,49.81,card,completed
728,236,2025-01-25T07:00:00,517.63,card,completed
729,236,2025-02-17T06:00:00,26.6,card,completed
730,236,2025-03-01T03:00:00,24.26,crypto,completed
731,237,2025-03-27T10:00:00,195.19,wallet,completed
732,238,2025-02-22T10:00:00,467.16,wallet,completed
733,238,2025-02-28T00:00:00,486.38,card,failed
734,239,2025-02-10T02:00:00,180.38,crypto,failed
735,239,2025-02-17T16:00:00,10.0,crypto,completed
736,239,2025-01-21T19:00:00,50.04,crypto,completed
737,239,2025-01-31T19:00:00,26.63,crypto,completed
738,239,2025-01-22T16:00:00,10.1,crypto,completed
739,239,2025-01-13T13:00:00,52.92,wallet,completed
740,240,2025-03-19T10:00:00,91.12,card,failed
741,240,2025-03-07T18:00:00,212.24,card,completed
742,240,2025-02-18T10:00:00,46.17,wallet,completed
743,240,2025-02-27T10:00:00,22.63,crypto,completed
744,240,2025-03-18T03:00:00,10.34,card,completed
745,242,2025-02-05T05:00:00,484.1,wallet,completed
746,242,2025-03-10T09:00:00,45.08,card,chargeback
747,243,2025-03-10T11:00:00,22.67,crypto,completed
748,245,2025-02-22T13:00:00,182.02,wallet,completed
749,247,2025-02-06T23:00:00,26.33,crypto,completed
750,247,2025-01-10T08:00:00,199.67,wallet,completed
751,247,2025-01-05T13:00:00,9.47,wallet,completed
752,248,2025-02-08T20:00:00,47.91,crypto,completed
753,248,2025-02-04T17:00:00,496.03,crypto,completed
754,248,2025-01-28T02:00:00,45.02,crypto,completed
755,248,2025-02-21T16:00:00,108.3,crypto,completed
756,248,2025-02-28T19:00:00,521.79,wallet,completed
757,249,2025-02-04T13:00:00,101.78,wallet,completed
758,249,2025-02-18T13:00:00,24.35,wallet,completed
759,249,2025-02-04T19:00:00,182.24,crypto,completed
760,250,2025-03-16T15:00:00,10.84,card,completed
761,250,2025-03-16T01:00:00,9.83,crypto,completed
762,250,2025-03-15T21:00:00,189.47,wallet,completed
763,251,2025-02-12T23:00:00,210.01,crypto,completed
764,251,2025-02-11T13:00:00,95.07,card,completed
765,251,2025-02-12T06:00:00,49.58,crypto,failed
766,251,2025-02-25T01:00:00,10.91,wallet,completed
767,251,2025-02-04T11:00:00,467.74,crypto,completed
768,251,2025-02-20T12:00:00,540.12,wallet,completed
769,253,2025-03-09T17:00:00,47.12,wallet,completed
770,253,2025-03-30T14:00:00,48.43,wallet,completed
771,254,2025-03-11T03:00:00,508.62,card,completed
772,254,2025-01-28T03:00:00,26.69,crypto,completed
773,254,2025-02-24T12:00:00,9.0,wallet,completed
774,254,2025-02-13T20:00:00,25.65,card,completed
775,254,2025-02-13T13:00:00,50.43,wallet,completed
776,255,2025-03-31T23:00:00,205.9,card,failed
777,255,2025-03-30T13:00:00,184.29,wallet,completed
778,255,2025-04-07T10:00:00,501.2,crypto,completed
779,255,2025-03-25T08:00:00,205.42,wallet,completed
780,256,2025-03-01T11:00:00,23.55,crypto,completed
781,256,2025-03-27T18:00:00,217.5,card,completed
782,257,2025-04-15T22:00:00,22.89,card,completed
783,259,2025-01-25T16:00:00,26.49,wallet,completed
784,260,2025-01-28T20:00:00,10.56,wallet,completed
785,260,2025-02-14T13:00:00,50.39,crypto,completed
786,260,2025-02-08T10:00:00,204.87,wallet,completed
787,260,2025-01-25T14:00:00,48.96,crypto,failed
788,260,2025-02-26T20:00:00,192.66,card,completed
789,260,2025-02-23T09:00:00,109.95,card,completed
790,261,2025-03-03T23:00:00,461.64,crypto,completed
791,262,2025-02-19T21:00:00,108.87,card,completed
792,262,2025-03-20T06:00:00,105.71,crypto,completed
793,262,2025-04-02T09:00:00,24.43,wallet,completed
794,262,2025-03-16T15:00:00,52.05,crypto,completed
795,262,2025-03-29T09:00:00,22.69,card,completed
796,264,2025-03-01T20:00:00,102.21,wallet,completed
797,265,2025-01-29T14:00:00,24.04,crypto,completed
798,265,2025-02-12T14:00:00,103.81,wallet,completed
799,266,2025-03-02T06:00:00,520.18,crypto,completed
800,266,2025-02-28T03:00:00,22.52,crypto,completed
801,266,2025-01-20T06:00:00,23.74,wallet,completed
802,266,2025-02-23T19:00:00,27.04,wallet,completed
803,266,2025-02-10T10:00:00,219.21,card,failed
804,267,2025-04-08T16:00:00,10.46,crypto,completed
805,267,2025-03-18T21:00:00,22.68,crypto,failed
806,267,2025-04-17T01:00:00,50.1,card,completed
807,268,2025-01-18T00:00:00,26.87,card,failed
808,268,2025-02-23T16:00:00,190.74,wallet,failed
809,268,2025-01-31T19:00:00,105.75,wallet,completed
810,268,2025-02-04T15:00:00,100.36,card,completed
811,269,2025-02-06T11:00:00,508.67,crypto,completed
812,269,2025-02-03T19:00:00,104.27,card,completed
813,269,2025-03-04T09:00:00,54.11,card,completed
814,269,2025-02-07T17:00:00,50.38,crypto,completed
815,269,2025-02-05T00:00:00,103.29,wallet,completed
816,270,2025-02-21T20:00:00,194.93,card,completed
817,270,2025-03-04T13:00:00,10.61,card,completed
818,270,2025-02-13T08:00:00,185.69,wallet,completed
819,271,2025-03-19T09:00:00,9.04,crypto,completed
820,271,2025-04-01T14:00:00,27.48,card,completed
821,272,2025-02-06T17:00:00,24.99,card,completed
822,272,2025-03-09T13:00:00,90.67,wallet,completed
823,273,2025-03-19T16:00:00,46.65,wallet,completed
824,274,2025-03-08T16:00:00,24.96,wallet,completed
825,274,2025-03-04T13:00:00,192.67,crypto,completed
826,274,2025-03-15T13:00:00,109.03,card,completed
827,275,2025-03-16T21:00:00,53.49,crypto,completed
828,275,2025-03-18T20:00:00,90.52,card,completed
829,275,2025-03-28T19:00:00,47.8,card,completed
830,275,2025-03-10T06:00:00,25.74,crypto,completed
831,275,2025-03-20T06:00:00,99.19,card,completed
832,275,2025-03-13T19:00:00,209.09,crypto,completed
833,276,2025-02-14T09:00:00,25.54,wallet,completed
834,276,2025-02-17T22:00:00,210.17,card,completed
835,276,2025-02-21T15:00:00,499.05,wallet,completed
836,277,2025-03-28T00:00:00,25.09,card,completed
837,277,2025-04-17T22:00:00,98.47,wallet,completed
838,277,2025-04-07T04:00:00,9.87,card,completed
839,277,2025-03-02T21:00:00,205.71,card,completed
840,277,2025-03-22T13:00:00,198.3,wallet,completed
841,278,2025-02-15T00:00:00,90.32,crypto,completed
842,278,2025-02-14T06:00:00,95.64,card,completed
843,278,2025-04-03T09:00:00,46.49,card,completed
844,278,2025-03-25T07:00:00,500.1,crypto,completed
845,278,2025-03-03T18:00:00,523.73,wallet,completed
846,278,2025-03-22T07:00:00,101.61,crypto,completed
847,280,2025-03-24T06:00:00,180.23,card,completed
848,280,2025-03-07T13:00:00,49.53,wallet,completed
849,280,2025-04-03T05:00:00,210.18,card,completed
850,280,2025-04-01T17:00:00,48.62,wallet,completed
851,280,2025-03-25T19:00:00,23.51,wallet,completed
852,281,2025-01-24T06:00:00,539.84,card,completed
853,281,2025-02-21T14:00:00,537.57,wallet,completed
854,281,2025-01-14T03:00:00,94.12,wallet,failed
855,282,2025-01-16T14:00:00,198.91,wallet,completed
856,282,2025-02-12T18:00:00,25.52,wallet,completed
857,282,2025-02-27T04:00:00,99.72,card,completed
858,282,2025-01-28T04:00:00,109.68,crypto,completed
859,283,2025-03-30T16:00:00,102.78,crypto,completed
860,283,2025-04-10T13:00:00,104.13,card,completed
861,283,2025-03-19T19:00:00,9.9,card,completed
862,284,2025-02-28T01:00:00,10.52,wallet,completed
863,284,2025-02-07T07:00:00,24.74,wallet,completed
864,284,2025-03-06T19:00:00,212.46,crypto,chargeback
865,284,2025-01-30T06:00:00,9.31,crypto,completed
866,284,2025-03-07T02:00:00,47.33,card,completed
867,285,2025-01-29T20:00:00,52.7,card,completed
868,285,2025-02-22T22:00:00,9.57,card,completed
869,287,2025-02-01T08:00:00,542.14,wallet,failed
870,287,2025-02-07T03:00:00,10.67,card,completed
871,288,2025-03-16T18:00:00,47.56,crypto,completed
872,288,2025-04-11T16:00:00,22.56,card,completed
873,289,2025-01-25T12:00:00,199.69,card,completed
874,289,2025-01-26T08:00:00,10.31,wallet,completed
875,289,2025-01-28T18:00:00,22.86,wallet,failed
876,290,2025-01-27T16:00:00,106.26,wallet,completed
877,290,2025-01-08T09:00:00,92.56,crypto,completed
878,290,2025-01-18T23:00:00,525.33,card,completed
879,291,2025-01-17T00:00:00,210.64,card,completed
880,292,2025-03-01T02:00:00,212.58,wallet,completed
881,292,2025-03-06T06:00:00,47.62,crypto,completed
882,292,2025-04-15T06:00:00,45.86,card,completed
883,292,2025-04-01T08:00:00,195.54,wallet,completed
884,292,2025-04-18T05:00:00,106.17,crypto,completed
885,292,2025-03-06T13:00:00,531.73,crypto,failed
886,293,2025-03-05T14:00:00,184.17,wallet,completed
887,294,2025-03-10T21:00:00,25.11,wallet,completed
888,294,2025-02-22T23:00:00,51.34,card,completed
889,294,2025-02-18T06:00:00,506.01,crypto,completed
890,294,2025-03-15T01:00:00,10.82,crypto,completed
891,294,2025-02-15T17:00:00,472.83,wallet,completed
892,294,2025-02-28T07:00:00,212.42,crypto,completed
893,295,2025-02-15T15:00:00,25.3,card,completed
894,295,2025-02-18T22:00:00,187.45,crypto,completed
895,295,2025-01-02T20:00:00,23.37,wallet,completed
896,295,2025-02-21T19:00:00,105.76,crypto,failed
897,295,2025-02-20T06:00:00,103.44,wallet,completed
898,295,2025-01-14T21:00:00,9.34,card,failed
899,296,2025-02-08T12:00:00,532.5,wallet,completed
900,296,2025-01-25T09:00:00,212.92,wallet,completed
901,296,2025-03-03T01:00:00,95.28,crypto,completed
902,296,2025-01-23T10:00:00,490.31,wallet,completed
903,296,2025-02-19T22:00:00,23.27,card,completed
904,296,2025-01-27T06:00:00,475.47,wallet,completed
905,297,2025-02-24T01:00:00,10.35,crypto,completed
906,298,2025-03-21T01:00:00,108.4,card,completed
907,298,2025-02-27T00:00:00,182.61,wallet,completed
908,299,2025-01-04T22:00:00,25.15,crypto,completed
909,299,2025-01-08T17:00:00,101.2,wallet,completed
910,299,2025-01-03T14:00:00,49.58,crypto,completed
911,300,2025-02-22T01:00:00,97.33,crypto,failed
912,300,2025-03-19T07:00:00,48.56,crypto,completed
913,300,2025-02-24T22:00:00,10.3,card,completed
914,300,2025-02-28T11:00:00,26.88,wallet,completed
915,300,2025-02-27T04:00:00,23.64,card,completed
